{"cameraMode":{"drawMode":0,"name":"Shaded","section":"Shading Mode"},"sceneLighting":true,"audioPlay":false,"sceneViewState":{"showFog":true,"showMaterialUpdate":false,"showSkybox":true,"showFlares":true,"showImageEffects":true,"showParticleSystems":true},"in2DMode":false,"pivot":{"x":29869.962890625,"y":16655.19140625,"z":-1092.751220703125},"rotation":{"x":0.0049552940763533119,"y":0.9106873273849487,"z":-0.010928804986178875,"w":0.412923663854599},"size":2.9934520721435549,"orthographic":false}